Time,State of Charge (MWh),Charge Take from Hourly Market (MWh),Discharge to Hourly market (MWh),Is Charging in Hourly Market,Charge taken from Half Hourly Market (MWh),Discharge to Half Hourly Market (MWh),Is Charging in Half Hourly Market,Current Degradation (MWh),Total Cycles,Hourly Price (£/MWh),Half Hourly Price (£/MWh),Objective Value (£)
0,2.0,0.0,0.0,0.0,0.0,0.0,0.0,0.0,0.0,51.89,48.47,-499431.6953007451
1,2.0,0.0,0.0,0.0,0.0,0.0,0.0,0.0,0.0,51.89,49.81,-499431.6953007451
2,1.0,0.0,0.5,0.0,0.0,0.5,0.0,1.25e-05,0.125,55.49,53.65,-499431.6953007451
3,0.5,0.0,0.5,0.0,0.0,0.0,0.0,1.8750000000000002e-05,0.1875,55.49,52.48,-499431.6953007451
4,0.33333333333333415,0.0,0.16666666666666582,0.0,0.0,0.0,0.0,2.0833333333333322e-05,0.20833333333333323,51.06,47.25,-499431.6953007451
5,0.16666666666666582,0.0,0.16666666666666582,0.0,0.0,0.0,0.0,2.2916666666666647e-05,0.22916666666666646,51.06,47.18,-499431.6953007451
6,0.16666666666666582,0.0,0.0,0.0,-0.0,0.0,-0.0,2.2916666666666647e-05,0.22916666666666646,44.76,40.24,-499431.6953007451
7,1.1166666666666658,0.0,0.0,1.0,1.0,0.0,1.0,3.541666666666666e-05,0.35416666666666663,44.76,38.56,-499431.6953007451
8,2.0666666666666655,0.0,0.0,1.0,0.9999999999999997,0.0,1.0,4.791666666666666e-05,0.4791666666666666,40.07,37.55,-499431.6953007451
9,3.016666666666665,-0.0,0.0,1.0,0.9999999999999997,0.0,1.0,6.0416666666666653e-05,0.6041666666666665,40.07,36.56,-499431.6953007451
10,3.5082998905708944,0.0,0.0,1.0,0.5175086567412941,0.0,1.0,6.688552487593283e-05,0.6688552487593282,44.42,39.25,-499431.6953007451
11,3.7541148853190967,0.0,0.0,1.0,0.2587526260507392,0.0,1.0,7.011993270156707e-05,0.7011993270156707,44.42,41.23,-499431.6953007451
12,3.7541148853190967,0.0,0.0,0.0,0.0,0.0,0.0,7.011993270156707e-05,0.7011993270156707,50.295,45.68,-499431.6953007451
13,3.7541148853190967,0.0,0.0,0.0,-0.0,0.0,-0.0,7.011993270156707e-05,0.7011993270156707,50.295,44.83,-499431.6953007451
14,2.927005793829554,0.0,0.8271090914895428,0.0,0.0,0.0,0.0,8.045879634518635e-05,0.8045879634518635,52.145,48.87,-499431.6953007451
15,2.0998967023400112,0.0,0.8271090914895428,0.0,0.0,0.0,0.0,9.079765998880564e-05,0.9079765998880563,52.145,50.73,-499431.6953007451
16,3.049896702340011,0.0,0.0,1.0,1.0,0.0,1.0,0.00010329765998880563,1.0329765998880562,48.33,45.01,-499431.6953007451
17,3.049896702340011,0.0,0.0,0.0,0.0,0.0,0.0,0.00010329765998880563,1.0329765998880562,48.33,48.87,-499431.6953007451
18,3.52489357736057,0.0,0.0,1.0,0.49999671054795713,0.0,1.0,0.0001095476188706551,1.095476188706551,44.595,44.41,-499431.6953007451
19,3.7623904523914087,0.0,0.0,1.0,0.24999671055877745,0.0,1.0,0.00011267257775263982,1.1267257775263981,44.595,42.59,-499431.6953007451
20,3.7623904523914087,0.0,0.0,0.0,-0.0,0.0,0.0,0.00011267257775263982,1.1267257775263981,44.37,46.15,-499431.6953007451
21,3.7623904523914087,-0.0,0.0,0.0,0.0,0.0,0.0,0.00011267257775263982,1.1267257775263981,44.37,46.19,-499431.6953007451
22,3.7623904523914087,0.0,0.0,0.0,-0.0,0.0,-0.0,0.00011267257775263982,1.1267257775263981,55.65,54.83,-499431.6953007451
23,3.7623904523914087,0.0,0.0,0.0,0.0,0.0,0.0,0.00011267257775263982,1.1267257775263981,55.65,60.57,-499431.6953007451
24,3.7623904523914087,0.0,0.0,0.0,0.0,0.0,0.0,0.00011267257775263982,1.1267257775263981,58.15,58.75,-499431.6953007451
25,3.7623904523914087,0.0,0.0,0.0,0.0,0.0,0.0,0.00011267257775263982,1.1267257775263981,58.15,59.88,-499431.6953007451
26,3.7623904523914087,0.0,0.0,0.0,0.0,0.0,0.0,0.00011267257775263982,1.1267257775263981,56.145,58.03,-499431.6953007451
27,3.7623904523914087,0.0,0.0,0.0,0.0,0.0,0.0,0.00011267257775263982,1.1267257775263981,56.145,59.72,-499431.6953007451
28,3.7623904523914087,0.0,0.0,0.0,-0.0,0.0,-0.0,0.00011267257775263982,1.1267257775263981,55.825,55.94,-499431.6953007451
29,3.7623904523914087,-0.0,0.0,-0.0,-0.0,0.0,0.0,0.00011267257775263982,1.1267257775263981,55.825,52.55,-499431.6953007451
30,3.3811952261957043,0.0,0.38119522619570434,0.0,-0.0,0.0,-0.0,0.00011743751808008614,1.1743751808008613,69.53,59.43,-499431.6953007451
31,3.0,0.0,0.38119522619570434,0.0,-0.0,0.0,-0.0,0.00012220245840753244,1.2220245840753243,69.53,61.01,-499431.6953007451
32,2.0,0.0,1.0,0.0,0.0,0.0,0.0,0.00013470245840753245,1.3470245840753243,73.215,63.07,-499431.6953007451
33,1.0,0.0,1.0,0.0,0.0,0.0,0.0,0.00014720245840753245,1.4720245840753243,73.215,64.91,-499431.6953007451
34,0.6666666666666667,0.0,0.33333333333333337,0.0,0.0,0.0,0.0,0.00015136912507419912,1.513691250741991,71.47,63.27,-499431.6953007451
35,0.3333333333333333,0.0,0.33333333333333337,0.0,0.0,0.0,0.0,0.0001555357917408658,1.5553579174086578,71.47,61.55,-499431.6953007451
36,0.2222222222222222,0.0,0.1111111111111111,0.0,0.0,0.0,0.0,0.00015692468062975467,1.5692468062975466,63.445,58.82,-499431.6953007451
37,0.1111111111111111,0.0,0.1111111111111111,0.0,0.0,0.0,0.0,0.00015831356951864355,1.5831356951864355,63.445,55.67,-499431.6953007451
38,1.0611111111111111,0.0,0.0,1.0,1.0,0.0,1.0,0.00017081356951864355,1.7081356951864355,53.81,46.13,-499431.6953007451
39,2.011111111111111,0.0,0.0,1.0,1.0,0.0,1.0,0.00018331356951864356,1.8331356951864355,53.81,47.03,-499431.6953007451
40,1.3407407407407406,0.0,0.6703703703703704,0.0,0.0,0.0,0.0,0.0001916931991482732,1.9169319914827319,57.775,48.91,-499431.6953007451
41,0.6703703703703703,0.0,0.6703703703703704,0.0,0.0,0.0,0.0,0.00020007282877790284,2.0007282877790282,57.775,45.87,-499431.6953007451
42,0.44691358024691347,0.0,0.22345679012345682,0.0,0.0,0.0,0.0,0.00020286603865444605,2.0286603865444603,52.83,46.95,-499431.6953007451
43,0.2234567901234568,0.0,0.22345679012345682,0.0,-0.0,0.0,-0.0,0.00020565924853098926,2.0565924853098925,52.83,46.71,-499431.6953007451
44,0.14897119341563786,0.0,0.07448559670781893,0.0,0.0,0.0,0.0,0.00020659031848983692,2.065903184898369,52.26,46.08,-499431.6953007451
45,0.07448559670781893,0.0,0.07448559670781893,0.0,0.0,0.0,0.0,0.00020752138844868468,2.0752138844868466,52.26,45.77,-499431.6953007451
46,0.037242798353909465,0.0,0.0,0.0,0.0,0.037242798353909465,0.0,0.00020798692342810854,2.079869234281085,44.18,45.25,-499431.6953007451
47,0.9872427983539094,0.0,0.0,1.0,1.0,0.0,1.0,0.00022048692342810852,2.204869234281085,44.18,39.33,-499431.6953007451
48,0.6581618655692729,0.0,0.32908093278463646,0.0,0.0,0.0,0.0,0.0002246004350879165,2.246004350879165,45.365,40.23,-499431.6953007451
49,0.32908093278463646,0.0,0.32908093278463646,0.0,0.0,0.0,0.0,0.00022871394674772445,2.2871394674772443,45.365,40.6,-499431.6953007451
50,1.2790809327846364,0.0,0.0,1.0,1.0,0.0,1.0,0.00024121394674772443,2.4121394674772443,42.74,38.95,-499431.6953007451
51,2.2290809327846364,0.0,0.0,1.0,1.0,0.0,1.0,0.00025371394674772446,2.5371394674772443,42.74,38.8,-499431.6953007451
52,3.1144077849001803,0.0,0.0,1.0,0.9319230022268885,0.0,1.0,0.0002653629842755605,2.6536298427556053,42.92,37.28,-499431.6953007451
53,3.55706829871773,0.0,0.0,1.0,0.4659584355974206,0.0,1.0,0.00027118746472052827,2.7118746472052826,42.92,37.66,-499431.6953007451
54,3.7783970995159732,0.0,0.0,1.0,0.2329776850507824,0.0,1.0,0.00027409968578366307,2.7409968578366306,46.91,41.06,-499431.6953007451
55,3.7783970995159732,-0.0,0.0,0.0,0.0,0.0,-0.0,0.00027409968578366307,2.7409968578366306,46.91,44.07,-499431.6953007451
56,3.7783970995159732,0.0,0.0,0.0,-0.0,0.0,-0.0,0.00027409968578366307,2.7409968578366306,44.71,42.21,-499431.6953007451
57,3.7783970995159732,-0.0,0.0,0.0,-0.0,0.0,-0.0,0.00027409968578366307,2.7409968578366306,44.71,43.08,-499431.6953007451
58,2.7783970995159732,0.0,1.0,0.0,0.0,0.0,0.0,0.00028659968578366305,2.8659968578366306,60.505,54.59,-499431.6953007451
59,1.7783970995159732,0.0,1.0,0.0,0.0,0.0,0.0,0.0002990996857836631,2.9909968578366306,60.505,55.53,-499431.6953007451
60,1.1496680412453903,0.0,0.0,0.0,0.0,0.6287290582705829,0.0,0.00030695879901204535,3.0695879901204535,56.175,58.52,-499431.6953007451
61,1.1496680412009883,0.0,0.0,0.0,-0.0,0.0,-0.0,0.00030695879901204535,3.0695879901204535,56.175,48.16,-499431.6953007451
62,2.0996680412009883,0.0,0.0,1.0,1.0,0.0,1.0,0.0003194587990120454,3.1945879901204535,47.73,43.64,-499431.6953007451
63,2.0996680412009883,0.0,0.0,0.0,0.0,0.0,0.0,0.0003194587990120454,3.1945879901204535,47.73,48.24,-499431.6953007451
64,2.0996680412009883,0.0,0.0,0.0,0.0,0.0,0.0,0.0003194587990120454,3.1945879901204535,53.42,51.96,-499431.6953007451
65,2.0996680412009883,0.0,0.0,0.0,0.0,0.0,0.0,0.0003194587990120454,3.1945879901204535,53.42,53.68,-499431.6953007451
66,2.0996680412009883,0.0,0.0,0.0,0.0,0.0,0.0,0.0003194587990120454,3.1945879901204535,48.985,50.84,-499431.6953007451
67,2.0996680412009883,0.0,0.0,0.0,0.0,0.0,0.0,0.0003194587990120454,3.1945879901204535,48.985,50.46,-499431.6953007451
68,2.0996680412009883,0.0,0.0,0.0,0.0,0.0,0.0,0.0003194587990120454,3.1945879901204535,50.355,51.01,-499431.6953007451
69,2.0996680412009883,0.0,0.0,0.0,0.0,0.0,0.0,0.0003194587990120454,3.1945879901204535,50.355,51.98,-499431.6953007451
70,2.0996680412009883,0.0,0.0,0.0,0.0,0.0,0.0,0.0003194587990120454,3.1945879901204535,49.98,52.38,-499431.6953007451
71,2.0996680412009883,0.0,0.0,0.0,0.0,0.0,0.0,0.0003194587990120454,3.1945879901204535,49.98,52.59,-499431.6953007451
72,2.0996680412009883,0.0,0.0,0.0,0.0,0.0,0.0,0.0003194587990120454,3.1945879901204535,48.205,51.94,-499431.6953007451
73,2.0996680412009883,0.0,0.0,0.0,0.0,0.0,0.0,0.0003194587990120454,3.1945879901204535,48.205,50.2,-499431.6953007451
74,3.049668041200988,0.0,0.0,1.0,1.0,0.0,1.0,0.00033195879901204537,3.3195879901204535,46.725,46.63,-499431.6953007451
75,3.524664916221547,-0.0,0.0,1.0,0.4999967105479568,0.0,1.0,0.0003382087578939763,3.382087578939763,46.725,45.63,-499431.6953007451
76,3.524664916221547,0.0,0.0,1.0,-0.0,0.0,0.0,0.0003382087578939763,3.382087578939763,44.395,46.09,-499431.6953007451
77,3.5246649162215475,-0.0,0.0,0.0,-0.0,0.0,0.0,0.0003382087578939763,3.382087578939763,44.395,45.56,-499431.6953007451
78,3.5246649162215475,0.0,0.0,0.0,-0.0,0.0,-0.0,0.0003382087578939763,3.382087578939763,62.15,54.11,-499431.6953007451
79,3.5246649162215475,-0.0,0.0,0.0,-0.0,0.0,-0.0,0.0003382087578939763,3.382087578939763,62.15,55.46,-499431.6953007451
80,3.5246649162215475,0.0,0.0,0.0,-0.0,0.0,-0.0,0.0003382087578939763,3.382087578939763,65.17,53.69,-499431.6953007451
81,3.5246649162215475,-0.0,0.0,0.0,-0.0,0.0,-0.0,0.0003382087578939763,3.382087578939763,65.17,64.71,-499431.6953007451
82,2.5246649162215475,0.0,1.0,0.0,0.0,-0.0,0.0,0.00035070875789397634,3.507087578939763,85.9,77.94,-499431.6953007451
83,1.5246649162215475,0.0,1.0,0.0,0.0,0.0,0.0,0.0003632087578939763,3.632087578939763,85.9,73.13,-499431.6953007451
84,1.0164432774810317,0.0,0.5082216387405158,0.0,0.0,0.0,0.0,0.0003695615283782328,3.6956152837823275,79.18,71.63,-499431.6953007451
85,0.5082216387405158,0.0,0.5082216387405158,0.0,0.0,-0.0,0.0,0.0003759142988624892,3.759142988624892,79.18,65.18,-499431.6953007451
86,0.33881442582701055,0.0,0.16940721291350527,0.0,0.0,0.0,0.0,0.000378031889023908,3.78031889023908,65.785,60.09,-499431.6953007451
87,0.16940721291350527,0.0,0.16940721291350527,0.0,0.0,-0.0,0.0,0.0003801494791853268,3.801494791853268,65.785,54.67,-499431.6953007451
88,0.08470360645675264,0.0,0.0,0.0,0.0,0.08470360645675264,0.0,0.0003812082742660363,3.8120827426603623,59.045,53.43,-499431.6953007451
89,0.08470360645675264,0.0,-0.0,1.0,0.0,0.0,-0.0,0.0003812082742660363,3.8120827426603623,59.045,49.58,-499431.6953007451
90,0.08470360645675264,0.0,0.0,0.0,0.0,0.0,0.0,0.0003812082742660363,3.8120827426603623,50.485,50.96,-499431.6953007451
91,0.08470360645675264,0.0,0.0,0.0,0.0,0.0,0.0,0.0003812082742660363,3.8120827426603623,50.485,47.73,-499431.6953007451
92,0.08470360645675264,0.0,0.0,0.0,-0.0,0.0,-0.0,0.0003812082742660363,3.8120827426603623,52.12,47.42,-499431.6953007451
93,1.0347036064567525,0.0,0.0,1.0,1.0,0.0,1.0,0.0003937082742660362,3.937082742660362,52.12,47.13,-499431.6953007451
94,1.0347036064567525,0.0,0.0,0.0,0.0,0.0,0.0,0.0003937082742660362,3.937082742660362,49.935,48.52,-499431.6953007451
95,1.9847036064567525,0.0,0.0,1.0,1.0,0.0,1.0,0.00040620827426603623,4.062082742660362,49.935,43.08,-499431.6953007451
96,2.934703606456752,0.0,0.0,1.0,1.0,0.0,1.0,0.0004187082742660362,4.187082742660362,51.255,45.97,-499431.6953007451
97,2.934703606456752,0.0,0.0,0.0,0.0,0.0,0.0,0.0004187082742660362,4.187082742660362,51.255,47.84,-499431.6953007451
98,1.956469070971168,0.0,0.978234535485584,0.0,0.0,0.0,0.0,0.00043093620595928173,4.309362059592817,53.595,51.28,-499431.6953007451
99,0.978234535485584,0.0,0.978234535485584,0.0,0.0,0.0,0.0,0.00044316413765285153,4.431641376528515,53.595,49.45,-499431.6953007451
100,0.978234535485584,0.0,0.0,0.0,0.0,0.0,0.0,0.00044316413765285153,4.431641376528515,51.29,48.71,-499431.6953007451
101,0.978234535485584,0.0,0.0,0.0,0.0,0.0,0.0,0.00044316413765285153,4.431641376528515,51.29,49.83,-499431.6953007451
102,0.978234535485584,0.0,0.0,0.0,0.0,0.0,0.0,0.00044316413765285153,4.431641376528515,52.635,47.58,-499431.6953007451
103,1.1495295819801563,0.0,-0.0,1.0,0.18031057525744462,0.0,1.0,0.00044541801984356955,4.4541801984356955,52.635,46.51,-499431.6953007451
104,2.0995295819801565,0.0,0.0,1.0,1.0,0.0,1.0,0.0004579180198435696,4.5791801984356955,48.115,44.08,-499431.6953007451
105,3.0495295819801562,0.0,0.0,1.0,1.0,0.0,1.0,0.00047041801984356956,4.7041801984356955,48.115,44.35,-499431.6953007451
106,3.0495295819801562,0.0,0.0,0.0,0.0,0.0,0.0,0.00047041801984356956,4.7041801984356955,49.785,49.61,-499431.6953007451
107,3.5245264570007153,0.0,0.0,1.0,0.49999671054795713,0.0,1.0,0.00047666797872541897,4.76667978725419,49.785,48.31,-499431.6953007451
108,2.5245264570007153,0.0,1.0,0.0,0.0,-0.0,0.0,0.000489167978725419,4.89167978725419,54.98,55.74,-499431.6953007451
109,1.5245264570007153,0.0,1.0,0.0,0.0,0.0,0.0,0.000501667978725419,5.01667978725419,54.98,49.69,-499431.6953007451
110,1.0163509713338104,0.0,0.5081754856669051,0.0,0.0,0.0,0.0,0.0005080201722962553,5.080201722962553,57.63,52.0,-499431.6953007451
111,0.5081754856669051,0.0,0.5081754856669051,0.0,0.0,0.0,0.0,0.0005143723658670916,5.1437236586709165,57.63,55.73,-499431.6953007451
112,0.5081754856669051,0.0,0.0,0.0,0.0,0.0,0.0,0.0005143723658670916,5.1437236586709165,44.735,44.06,-499431.6953007451
113,0.5081754856669051,0.0,0.0,0.0,0.0,0.0,0.0,0.0005143723658670916,5.1437236586709165,44.735,45.36,-499431.6953007451
114,1.4581754856669051,1.0,0.0,1.0,0.0,0.0,1.0,0.0005268723658670917,5.2687236586709165,40.24,44.43,-499431.6953007451
115,2.408175485666905,1.0,0.0,1.0,0.0,0.0,1.0,0.0005393723658670917,5.3937236586709165,40.24,44.16,-499431.6953007451
116,2.9385992134829295,0.5583407661221315,0.0,1.0,0.0,0.0,0.0,0.0005463516254436184,5.4635162544361835,41.53,43.72,-499431.6953007451
117,3.469022941298955,0.5583407661221315,0.0,1.0,0.0,0.0,0.0,0.0005533308850201449,5.53330885020145,41.53,45.01,-499431.6953007451
118,3.6458292996379953,0.18611195614635834,0.0,1.0,-0.0,0.0,0.0,0.0005556572844719745,5.556572844719745,42.665,43.46,-499431.6953007451
119,3.8226356579770355,0.18611195614635834,0.0,1.0,0.0,0.0,0.0,0.0005579836839238039,5.579836839238039,42.665,43.07,-499431.6953007451
120,3.8226356579770355,0.0,0.0,-0.0,-0.0,0.0,0.0,0.000557983683923804,5.57983683923804,42.47,43.43,-499431.6953007451
121,3.8226356579770355,-0.0,0.0,0.0,-0.0,0.0,0.0,0.000557983683923804,5.57983683923804,42.47,43.82,-499431.6953007451
122,3.8815705937835947,0.062036774533220124,0.0,1.0,-0.0,0.0,0.0,0.0005587591436054692,5.5875914360546926,43.01,44.24,-499431.6953007451
123,3.940505529590154,0.062036774533220124,0.0,1.0,0.0,0.0,0.0,0.0005595346032871345,5.595346032871345,43.01,43.94,-499431.6953007451
124,3.940505529590154,0.0,0.0,-0.0,-0.0,0.0,0.0,0.0005595346032871345,5.595346032871345,44.925,43.91,-499431.6953007451
125,3.940505529590154,-0.0,0.0,0.0,-0.0,0.0,0.0,0.0005595346032871345,5.595346032871345,44.925,44.08,-499431.6953007451
126,3.940505529590154,0.0,0.0,-0.0,-0.0,0.0,0.0,0.0005595346032871345,5.595346032871345,58.715,50.25,-499431.6953007451
127,3.940505529590154,-0.0,0.0,0.0,-0.0,0.0,0.0,0.0005595346032871345,5.595346032871345,58.715,51.74,-499431.6953007451
128,3.940505529590154,0.0,0.0,0.0,-0.0,0.0,-0.0,0.0005595346032871345,5.595346032871345,66.855,50.68,-499431.6953007451
129,3.940505529590154,0.0,0.0,0.0,0.0,0.0,0.0,0.0005595346032871345,5.595346032871345,66.855,66.99,-499431.6953007451
130,2.940505529590154,0.0,1.0,0.0,0.0,-0.0,0.0,0.0005720346032871346,5.720346032871345,78.32,73.14,-499431.6953007451
131,1.9405055295901539,0.0,1.0,0.0,0.0,-0.0,0.0,0.0005845346032871345,5.845346032871345,78.32,69.96,-499431.6953007451
132,0.9702527647950769,0.0,0.48512638239753847,0.0,0.0,0.48512638239753847,0.0,0.000596662762847073,5.96662762847073,74.19,72.91,-499431.6953007451
133,0.48512638239753847,0.0,0.48512638239753847,0.0,0.0,0.0,0.0,0.0006027268426270422,6.027268426270422,74.19,64.53,-499431.6953007451
134,0.24256319119876923,0.0,0.12128159559938462,0.0,0.0,0.12128159559938462,0.0,0.0006057588825170269,6.057588825170268,59.135,57.9,-499431.6953007451
135,0.12128159559938462,0.0,0.12128159559938462,0.0,-0.0,0.0,-0.0,0.0006072749024620192,6.072749024620191,59.135,48.41,-499431.6953007451
136,0.08085439706625641,0.0,0.04042719853312821,0.0,0.0,0.0,0.0,0.0006077802424436832,6.077802424436832,53.84,47.62,-499431.6953007451
137,0.0404271985331282,0.0,0.04042719853312821,0.0,-0.0,0.0,-0.0,0.0006082855824253473,6.082855824253473,53.84,46.41,-499431.6953007451
138,0.026951465688752143,0.0,0.013475732844376071,0.0,0.0,0.0,0.0,0.000608454029085902,6.08454029085902,50.285,46.58,-499431.6953007451
139,0.013475732844376071,0.0,0.013475732844376071,0.0,0.0,0.0,0.0,0.0006086224757464567,6.086224757464567,50.285,46.71,-499431.6953007451
140,0.008983821896250715,0.0,0.004491910948125357,0.0,0.0,0.0,0.0,0.0006086786246333083,6.086786246333083,47.24,43.22,-499431.6953007451
141,0.004491910948125359,0.0,0.004491910948125357,0.0,0.0,0.0,0.0,0.0006087347735201599,6.0873477352015986,47.24,42.18,-499431.6953007451
142,0.004491910948124955,0.0,0.0,1.0,0.0,0.0,1.0,0.0006087347735201599,6.0873477352015986,45.19,41.4,-499431.6953007451
143,0.9544919109481249,0.0,0.0,1.0,1.0,0.0,1.0,0.0006212347735201598,6.2123477352015986,45.19,40.08,-499431.6953007451
144,1.9044919109481249,0.0,0.0,1.0,1.0,0.0,1.0,0.0006337347735201599,6.3373477352015986,43.77,40.31,-499431.6953007451
145,1.9044919109481249,0.0,0.0,0.0,0.0,0.0,0.0,0.0006337347735201599,6.3373477352015986,43.77,41.76,-499431.6953007451
146,1.9044919109481249,0.0,0.0,0.0,0.0,0.0,0.0,0.0006337347735201599,6.3373477352015986,46.18,42.68,-499431.6953007451
147,2.854491910948125,0.0,-0.0,1.0,1.0,0.0,1.0,0.0006462347735201599,6.4623477352015986,46.18,40.63,-499431.6953007451
148,3.4269190721191367,0.0,0.0,1.0,0.602554906495802,0.0,1.0,0.0006537667098513575,6.537667098513574,44.305,39.87,-499431.6953007451
149,3.713130769732948,0.0,0.0,1.0,0.30127547117243303,0.0,1.0,0.0006575326532410129,6.575326532410128,44.305,40.26,-499431.6953007451
150,2.713130769732948,0.0,1.0,0.0,0.0,0.0,0.0,0.0006700326532410128,6.700326532410128,48.955,43.24,-499431.6953007451
151,1.7131307697329483,0.0,1.0,0.0,0.0,0.0,0.0,0.0006825326532410128,6.825326532410128,48.955,43.31,-499431.6953007451
152,2.6631307697329483,0.0,0.0,1.0,1.0,0.0,1.0,0.0006950326532410129,6.950326532410128,43.4,43.17,-499431.6953007451
153,2.663130769732949,0.0,0.0,0.0,-0.0,0.0,-0.0,0.0006950326532410129,6.950326532410128,43.4,42.92,-499431.6953007451
154,3.33121347325891,0.0,0.0,1.0,0.7032449510799588,0.0,1.0,0.0007038232151295123,7.038232151295123,48.485,43.15,-499431.6953007451
155,3.33121347325891,0.0,-0.0,0.0,-0.0,0.0,-0.0,0.0007038232151295123,7.038232151295123,48.485,43.04,-499431.6953007451
156,2.33121347325891,0.0,1.0,0.0,0.0,-0.0,0.0,0.0007163232151295123,7.163232151295123,53.13,50.71,-499431.6953007451
157,1.3312134732589098,0.0,1.0,0.0,0.0,0.0,0.0,0.0007288232151295124,7.288232151295123,53.13,45.0,-499431.6953007451
158,0.8874756488392732,0.0,0.4437378244196366,0.0,0.0,0.0,0.0,0.0007343699379347578,7.343699379347577,49.15,47.01,-499431.6953007451
159,0.4437378244196366,0.0,0.4437378244196366,0.0,0.0,0.0,0.0,0.0007399166607400033,7.399166607400032,49.15,46.66,-499431.6953007451
160,1.3937378244196366,1.0,0.0,1.0,0.0,0.0,0.0,0.0007524166607400032,7.524166607400032,40.8,43.38,-499431.6953007451
161,2.3437378244196365,1.0,0.0,1.0,0.0,0.0,0.0,0.0007649166607400032,7.649166607400032,40.8,42.27,-499431.6953007451
162,2.3437378244196365,0.0,0.0,0.0,0.0,0.0,0.0,0.0007649166607400032,7.649166607400032,43.345,45.05,-499431.6953007451
163,2.3437378244196365,0.0,0.0,0.0,0.0,0.0,0.0,0.0007649166607400032,7.649166607400032,43.345,44.34,-499431.6953007451
164,2.8955654034667124,0.5808711358390273,0.0,1.0,0.0,0.0,0.0,0.0007721775499379911,7.72177549937991,41.135,43.38,-499431.6953007451
165,3.4473929825137883,0.5808711358390273,0.0,1.0,0.0,0.0,0.0,0.0007794384391356609,7.794384391356608,41.135,43.59,-499431.6953007451
166,3.6313338953460343,0.1936220135076275,0.0,1.0,-0.0,0.0,0.0,0.0007818587143045062,7.818587143045062,40.59,43.28,-499431.6953007451
167,3.815274808178281,0.1936220135076275,0.0,1.0,0.0,0.0,0.0,0.0007842789894733516,7.8427898947335155,40.59,44.02,-499431.6953007451
168,3.815274808178281,0.0,0.0,1.0,-0.0,0.0,0.0,0.0007842789894733516,7.8427898947335155,43.16,43.71,-499431.6953007451
169,3.815274808178281,0.0,0.0,0.0,0.0,0.0,0.0,0.0007842789894733516,7.8427898947335155,43.16,43.47,-499431.6953007451
170,3.815274808178281,0.0,0.0,0.0,-0.0,0.0,-0.0,0.0007842789894733516,7.8427898947335155,41.85,42.2,-499431.6953007451
171,3.815274808178281,-0.0,0.0,0.0,0.0,0.0,0.0,0.0007842789894733516,7.8427898947335155,41.85,42.1,-499431.6953007451
172,3.907244659529592,0.0,0.0,1.0,0.09681036984348584,0.0,1.0,0.0007854891190963952,7.854891190963952,43.105,42.33,-499431.6953007451
173,3.907244659529592,-0.0,0.0,0.0,-0.0,0.0,0.0,0.0007854891190963952,7.854891190963952,43.105,42.65,-499431.6953007451
174,3.907244659529592,0.0,0.0,-0.0,-0.0,0.0,0.0,0.0007854891190963952,7.854891190963952,51.43,44.62,-499431.6953007451
175,3.907244659529592,-0.0,0.0,0.0,-0.0,0.0,0.0,0.0007854891190963952,7.854891190963952,51.43,46.55,-499431.6953007451
176,3.907244659529592,0.0,0.0,0.0,-0.0,0.0,-0.0,0.0007854891190963952,7.854891190963952,63.585,44.3,-499431.6953007451
177,3.907244659529592,0.0,0.0,0.0,0.0,0.0,0.0,0.0007854891190963952,7.854891190963952,63.585,65.72,-499431.6953007451
178,2.907244659529592,0.0,1.0,0.0,0.0,0.0,0.0,0.0007979891190963952,7.979891190963952,76.97,65.67,-499431.6953007451
179,1.9072446595295922,0.0,1.0,0.0,0.0,0.0,0.0,0.0008104891190963952,8.104891190963952,76.97,68.09,-499431.6953007451
180,1.2714964396863948,0.0,0.6357482198431974,0.0,0.0,0.0,0.0,0.0008184359718444352,8.184359718444352,72.85,65.26,-499431.6953007451
181,0.6357482198431974,0.0,0.6357482198431974,0.0,0.0,0.0,0.0,0.0008263828245924753,8.263828245924753,72.85,63.78,-499431.6953007451
182,0.4238321465621316,0.0,0.21191607328106582,0.0,0.0,0.0,0.0,0.0008290317755084885,8.290317755084885,61.035,56.04,-499431.6953007451
183,0.21191607328106582,0.0,0.21191607328106582,0.0,0.0,0.0,0.0,0.0008316807264245018,8.316807264245018,61.035,53.69,-499431.6953007451
184,0.14127738218737723,0.0,0.0706386910936886,0.0,0.0,0.0,0.0,0.000832563710063173,8.32563710063173,57.935,52.92,-499431.6953007451
185,0.0706386910936886,0.0,0.0706386910936886,0.0,0.0,0.0,0.0,0.0008334466937018441,8.33446693701844,57.935,50.32,-499431.6953007451
186,0.047092460729125735,0.0,0.023546230364562864,0.0,0.0,0.0,0.0,0.0008337410215814011,8.33741021581401,52.825,49.72,-499431.6953007451
187,0.023546230364562864,0.0,0.023546230364562864,0.0,0.0,0.0,0.0,0.0008340353494609581,8.34035349460958,52.825,46.88,-499431.6953007451
188,0.011773115182281432,0.0,0.005886557591140716,0.0,0.0,0.005886557591140716,0.0,0.0008341825134007366,8.341825134007365,50.03,46.18,-499431.6953007451
189,0.005886557591140716,0.0,0.005886557591140716,0.0,0.0,0.0,0.0,0.0008342560953706258,8.342560953706258,50.03,45.79,-499431.6953007451
190,0.002943278795570358,0.0,0.001471639397785179,0.0,0.0,0.001471639397785179,0.0,0.0008342928863555705,8.342928863555704,45.725,43.21,-499431.6953007451
191,0.001471639397785179,0.0,0.001471639397785179,0.0,0.0,0.0,0.0,0.0008343112818480429,8.343112818480428,45.725,43.53,-499431.6953007451
